ID,Conteo,Conteo2,No. Póliza,Contratante,Teléfono,Correo,Cumpleaños,Producto,Estatus,Forma de pago,Fecha de emisión,Renovación,Tipo,Tipo de pago,Día de pago,ene-25,feb-25,mar-25,abr-25,may-25,jun-25,jul-25,ago-25,sept-25,oct-25,nov-25,dic-25,ene-26,feb-26,mar-26,abr-26,may-26,jun-26,jul-26,ago-26,sept-26,oct-26,nov-26,dic-26,ene-27,feb-27,mar-27,abr-27,may-27,jun-27,jul-27,ago-27,sep-27,ct-27,nov-27,dic-27
1,1,1,VI0002909881,CLIENTE PÓLIZA SIMPLE,(442) 123 45 67,correo@dominio.com,Sat Oct 15 1994 00:00:36 GMT-0600 (hora estándar central),IMAGINA SER 10_20P - UDI,En Vigor,A,Mon May 05 2025 00:00:36 GMT-0600 (hora estándar central),Thu Apr 02 2026 00:00:36 GMT-0600 (hora estándar central),S,Modo Directo,10,false,false,false,false,false,false,false,false,false,false,false,false,false,false,false,false,false,false,false,false,false,false,false,false,false,false,false,false,false,false,false,false,false,false,false,false
2,1,2,VI0002909882,CLIENTE PÓLIZA SIMPLE,(442) 123 45 67,correo@dominio.com,Sat Oct 15 1994 00:00:36 GMT-0600 (hora estándar central),VIDA MUJER - UDI,En Vigor,S,Tue Jun 10 2025 00:00:36 GMT-0600 (hora estándar central),Fri May 08 2026 00:00:36 GMT-0600 (hora estándar central),D,Modo Directo,12,false,false,false,false,false,false,false,false,false,false,false,false,false,false,false,false,false,false,false,false,false,false,false,false,false,false,false,false,false,false,false,false,false,false,false,false
3,1,3,VI0002909883,CLIENTE PÓLIZA SIMPLE,(442) 123 45 67,correo@dominio.com,Sat Oct 15 1994 00:00:36 GMT-0600 (hora estándar central),ORVI 99 - 10P USD,En Vigor,T,Sat Jul 12 2025 00:00:36 GMT-0600 (hora estándar central),Tue Jun 09 2026 00:00:36 GMT-0600 (hora estándar central),T,Cargo Automático,15,false,false,false,false,false,false,false,false,false,false,false,false,false,false,false,false,false,false,false,false,false,false,false,false,false,false,false,false,false,false,false,false,false,false,false,false
4,1,1,VI0002909884,CLIENTE PÓLIZA SIMPLE,(442) 123 45 67,correo@dominio.com,Sat Oct 15 1994 00:00:36 GMT-0600 (hora estándar central),STAR DOTAL 10P - UDI,En Vigor,M,Wed Aug 27 2025 00:00:36 GMT-0600 (hora estándar central),Sat Jul 25 2026 00:00:36 GMT-0600 (hora estándar central),S,Cargo Automático,1,false,false,false,false,false,false,false,false,false,false,false,false,false,false,false,false,false,false,false,false,false,false,false,false,false,false,false,false,false,false,false,false,false,false,false,false
5,,,VI0002909885,CLIENTE PÓLIZA SIMPLE,(442) 123 45 67,correo@dominio.com,Sat Oct 15 1994 00:00:36 GMT-0600 (hora estándar central),ORVI 99 - TP  UDI,Anulada,,Wed Jan 01 2025 00:00:36 GMT-0600 (hora estándar central),,,Modo Directo,1,false,false,false,false,false,false,false,false,false,false,false,false,false,false,false,false,false,false,false,false,false,false,false,false,false,false,false,false,false,false,false,false,false,false,false,false
6,0.5,,GM0002909886,CLIENTE PÓLIZA SIMPLE,(442) 123 45 67,correo@dominio.com,Sat Oct 15 1994 00:00:36 GMT-0600 (hora estándar central),PLENO,En Vigor,M,,Tue Nov 27 1900 00:00:00 GMT-0636 (hora estándar central),,,,false,false,false,false,false,false,false,false,false,false,false,false,false,false,false,false,false,false,false,false,false,false,false,false,false,false,false,false,false,false,false,false,false,false,false,false
7,,,GM0002909887,CLIENTE PÓLIZA SIMPLE,(442) 123 45 67,correo@dominio.com,Sat Oct 15 1994 00:00:36 GMT-0600 (hora estándar central),PRACTICO TOTAL,Anulada,M,,,,,,false,false,false,false,false,false,false,false,false,false,false,false,false,false,false,false,false,false,false,false,false,false,false,false,false,false,false,false,false,false,false,false,false,false,false,false
8,,,,,,,,,,,,,,,,false,false,false,false,false,false,false,false,false,false,false,false,false,false,false,false,false,false,false,false,false,false,false,false,false,false,false,false,false,false,false,false,false,false,false,false
9,,,,,,,,,,,,,,,,false,false,false,false,false,false,false,false,false,false,false,false,false,false,false,false,false,false,false,false,false,false,false,false,false,false,false,false,false,false,false,false,false,false,false,false
10,,,,,,,,,,,,,,,,false,false,false,false,false,false,false,false,false,false,false,false,false,false,false,false,false,false,false,false,false,false,false,false,false,false,false,false,false,false,false,false,false,false,false,false
11,,,,,,,,,,,,,,,,false,false,false,false,false,false,false,false,false,false,false,false,false,false,false,false,false,false,false,false,false,false,false,false,false,false,false,false,false,false,false,false,false,false,false,false
12,,,,,,,,,,,,,,,,false,false,false,false,false,false,false,false,false,false,false,false,false,false,false,false,false,false,false,false,false,false,false,false,false,false,false,false,false,false,false,false,false,false,false,false
13,,,,,,,,,,,,,,,,false,false,false,false,false,false,false,false,false,false,false,false,false,false,false,false,false,false,false,false,false,false,false,false,false,false,false,false,false,false,false,false,false,false,false,false
14,,,,,,,,,,,,,,,,false,false,false,false,false,false,false,false,false,false,false,false,false,false,false,false,false,false,false,false,false,false,false,false,false,false,false,false,false,false,false,false,false,false,false,false
15,,,,,,,,,,,,,,,,false,false,false,false,false,false,false,false,false,false,false,false,false,false,false,false,false,false,false,false,false,false,false,false,false,false,false,false,false,false,false,false,false,false,false,false
16,,,,,,,,,,,,,,,,false,false,false,false,false,false,false,false,false,false,false,false,false,false,false,false,false,false,false,false,false,false,false,false,false,false,false,false,false,false,false,false,false,false,false,false
17,,,,,,,,,,,,,,,,false,false,false,false,false,false,false,false,false,false,false,false,false,false,false,false,false,false,false,false,false,false,false,false,false,false,false,false,false,false,false,false,false,false,false,false
18,,,,,,,,,,,,,,,,false,false,false,false,false,false,false,false,false,false,false,false,false,false,false,false,false,false,false,false,false,false,false,false,false,false,false,false,false,false,false,false,false,false,false,false
19,,,,,,,,,,,,,,,,false,false,false,false,false,false,false,false,false,false,false,false,false,false,false,false,false,false,false,false,false,false,false,false,false,false,false,false,false,false,false,false,false,false,false,false
20,,,,,,,,,,,,,,,,false,false,false,false,false,false,false,false,false,false,false,false,false,false,false,false,false,false,false,false,false,false,false,false,false,false,false,false,false,false,false,false,false,false,false,false
21,,,,,,,,,,,,,,,,false,false,false,false,false,false,false,false,false,false,false,false,false,false,false,false,false,false,false,false,false,false,false,false,false,false,false,false,false,false,false,false,false,false,false,false
22,,,,,,,,,,,,,,,,false,false,false,false,false,false,false,false,false,false,false,false,false,false,false,false,false,false,false,false,false,false,false,false,false,false,false,false,false,false,false,false,false,false,false,false
23,,,,,,,,,,,,,,,,false,false,false,false,false,false,false,false,false,false,false,false,false,false,false,false,false,false,false,false,false,false,false,false,false,false,false,false,false,false,false,false,false,false,false,false
24,,,,,,,,,,,,,,,,false,false,false,false,false,false,false,false,false,false,false,false,false,false,false,false,false,false,false,false,false,false,false,false,false,false,false,false,false,false,false,false,false,false,false,false
25,,,,,,,,,,,,,,,,false,false,false,false,false,false,false,false,false,false,false,false,false,false,false,false,false,false,false,false,false,false,false,false,false,false,false,false,false,false,false,false,false,false,false,false
26,,,,,,,,,,,,,,,,false,false,false,false,false,false,false,false,false,false,false,false,false,false,false,false,false,false,false,false,false,false,false,false,false,false,false,false,false,false,false,false,false,false,false,false
27,,,,,,,,,,,,,,,,false,false,false,false,false,false,false,false,false,false,false,false,false,false,false,false,false,false,false,false,false,false,false,false,false,false,false,false,false,false,false,false,false,false,false,false
28,,,,,,,,,,,,,,,,false,false,false,false,false,false,false,false,false,false,false,false,false,false,false,false,false,false,false,false,false,false,false,false,false,false,false,false,false,false,false,false,false,false,false,false
29,,,,,,,,,,,,,,,,false,false,false,false,false,false,false,false,false,false,false,false,false,false,false,false,false,false,false,false,false,false,false,false,false,false,false,false,false,false,false,false,false,false,false,false
30,,,,,,,,,,,,,,,,false,false,false,false,false,false,false,false,false,false,false,false,false,false,false,false,false,false,false,false,false,false,false,false,false,false,false,false,false,false,false,false,false,false,false,false
31,,,,,,,,,,,,,,,,false,false,false,false,false,false,false,false,false,false,false,false,false,false,false,false,false,false,false,false,false,false,false,false,false,false,false,false,false,false,false,false,false,false,false,false
32,,,,,,,,,,,,,,,,false,false,false,false,false,false,false,false,false,false,false,false,false,false,false,false,false,false,false,false,false,false,false,false,false,false,false,false,false,false,false,false,false,false,false,false
33,,,,,,,,,,,,,,,,false,false,false,false,false,false,false,false,false,false,false,false,false,false,false,false,false,false,false,false,false,false,false,false,false,false,false,false,false,false,false,false,false,false,false,false
34,,,,,,,,,,,,,,,,false,false,false,false,false,false,false,false,false,false,false,false,false,false,false,false,false,false,false,false,false,false,false,false,false,false,false,false,false,false,false,false,false,false,false,false
35,,,,,,,,,,,,,,,,false,false,false,false,false,false,false,false,false,false,false,false,false,false,false,false,false,false,false,false,false,false,false,false,false,false,false,false,false,false,false,false,false,false,false,false
36,,,,,,,,,,,,,,,,false,false,false,false,false,false,false,false,false,false,false,false,false,false,false,false,false,false,false,false,false,false,false,false,false,false,false,false,false,false,false,false,false,false,false,false
37,,,,,,,,,,,,,,,,false,false,false,false,false,false,false,false,false,false,false,false,false,false,false,false,false,false,false,false,false,false,false,false,false,false,false,false,false,false,false,false,false,false,false,false
38,,,,,,,,,,,,,,,,false,false,false,false,false,false,false,false,false,false,false,false,false,false,false,false,false,false,false,false,false,false,false,false,false,false,false,false,false,false,false,false,false,false,false,false
39,,,,,,,,,,,,,,,,false,false,false,false,false,false,false,false,false,false,false,false,false,false,false,false,false,false,false,false,false,false,false,false,false,false,false,false,false,false,false,false,false,false,false,false
40,,,,,,,,,,,,,,,,false,false,false,false,false,false,false,false,false,false,false,false,false,false,false,false,false,false,false,false,false,false,false,false,false,false,false,false,false,false,false,false,false,false,false,false
41,,,,,,,,,,,,,,,,false,false,false,false,false,false,false,false,false,false,false,false,false,false,false,false,false,false,false,false,false,false,false,false,false,false,false,false,false,false,false,false,false,false,false,false
42,,,,,,,,,,,,,,,,false,false,false,false,false,false,false,false,false,false,false,false,false,false,false,false,false,false,false,false,false,false,false,false,false,false,false,false,false,false,false,false,false,false,false,false
43,,,,,,,,,,,,,,,,false,false,false,false,false,false,false,false,false,false,false,false,false,false,false,false,false,false,false,false,false,false,false,false,false,false,false,false,false,false,false,false,false,false,false,false
44,,,,,,,,,,,,,,,,false,false,false,false,false,false,false,false,false,false,false,false,false,false,false,false,false,false,false,false,false,false,false,false,false,false,false,false,false,false,false,false,false,false,false,false
45,,,,,,,,,,,,,,,,false,false,false,false,false,false,false,false,false,false,false,false,false,false,false,false,false,false,false,false,false,false,false,false,false,false,false,false,false,false,false,false,false,false,false,false
46,,,,,,,,,,,,,,,,false,false,false,false,false,false,false,false,false,false,false,false,false,false,false,false,false,false,false,false,false,false,false,false,false,false,false,false,false,false,false,false,false,false,false,false
47,,,,,,,,,,,,,,,,false,false,false,false,false,false,false,false,false,false,false,false,false,false,false,false,false,false,false,false,false,false,false,false,false,false,false,false,false,false,false,false,false,false,false,false
48,,,,,,,,,,,,,,,,false,false,false,false,false,false,false,false,false,false,false,false,false,false,false,false,false,false,false,false,false,false,false,false,false,false,false,false,false,false,false,false,false,false,false,false
49,,,,,,,,,,,,,,,,false,false,false,false,false,false,false,false,false,false,false,false,false,false,false,false,false,false,false,false,false,false,false,false,false,false,false,false,false,false,false,false,false,false,false,false
50,,,,,,,,,,,,,,,,false,false,false,false,false,false,false,false,false,false,false,false,false,false,false,false,false,false,false,false,false,false,false,false,false,false,false,false,false,false,false,false,false,false,false,false
51,,,,,,,,,,,,,,,,false,false,false,false,false,false,false,false,false,false,false,false,false,false,false,false,false,false,false,false,false,false,false,false,false,false,false,false,false,false,false,false,false,false,false,false
52,,,,,,,,,,,,,,,,false,false,false,false,false,false,false,false,false,false,false,false,false,false,false,false,false,false,false,false,false,false,false,false,false,false,false,false,false,false,false,false,false,false,false,false
53,,,,,,,,,,,,,,,,false,false,false,false,false,false,false,false,false,false,false,false,false,false,false,false,false,false,false,false,false,false,false,false,false,false,false,false,false,false,false,false,false,false,false,false
54,,,,,,,,,,,,,,,,false,false,false,false,false,false,false,false,false,false,false,false,false,false,false,false,false,false,false,false,false,false,false,false,false,false,false,false,false,false,false,false,false,false,false,false
55,,,,,,,,,,,,,,,,false,false,false,false,false,false,false,false,false,false,false,false,false,false,false,false,false,false,false,false,false,false,false,false,false,false,false,false,false,false,false,false,false,false,false,false
56,,,,,,,,,,,,,,,,false,false,false,false,false,false,false,false,false,false,false,false,false,false,false,false,false,false,false,false,false,false,false,false,false,false,false,false,false,false,false,false,false,false,false,false
57,,,,,,,,,,,,,,,,false,false,false,false,false,false,false,false,false,false,false,false,false,false,false,false,false,false,false,false,false,false,false,false,false,false,false,false,false,false,false,false,false,false,false,false
,3.5,6,,,,,,,,,,,,,,false,false,false,false,false,false,false,false,false,false,false,false,false,false,false,false,false,false,false,false,false,false,false,false,false,false,false,false,false,false,false,false,false,false,false,false